[
{
   "bdNumber": "33",
   "bdName": "공학관4",
   "floors" : [
      {
      "floor" : 1,
      "capacity" : 180,
      "occupancy" : 90
      },
      {
      "floor" : 2,
      "capacity" : 100,
      "occupancy" : 10
      },
      {
      "floor" : 3,
      "capacity" : 200,
      "occupancy" : 31
      },
      {
      "floor" : 4,
      "capacity" : 200,
      "occupancy" : 78
      },
      {
      "floor" : 5,
      "capacity" : 200,
      "occupancy" : 30
      },
      {
      "floor" : 6,
      "capacity" : 200,
      "occupancy" : 150
      },
      {
      "floor" : 7,
      "capacity" : 200,
      "occupancy" : 198
      },
      {
      "floor" : 8,
      "capacity" : 200,
      "occupancy" : 10
      },
      {
      "floor" : 9,
      "capacity" : 200,
      "occupancy" : 24
      }
   ]
},
{
   "bdNumber": "301",
   "bdName": "제1공학관",
   "floors" : [
      {
      "floor" : 1,
      "capacity" : 180,
      "occupancy" : 90
      },
      {
      "floor" : 2,
      "capacity" : 100,
      "occupancy" : 10
      },
      {
      "floor" : 7,
      "capacity" : 200,
      "occupancy" : 23
      }
   ]
},
{
   "bdNumber": "302",
   "bdName": "제2공학관",
   "floors" : [
      {
      "floor" : 1,
      "capacity" : 180,
      "occupancy" : 90
      },
      {
      "floor" : 2,
      "capacity" : 100,
      "occupancy" : 10
      }
   ]
}
]
