{"bdName":"301", "floor": "1", "children":[{"roomNumber":"101","capacity":50,"occupancy":10},
{"roomNumber":"102","capacity":50,"occupancy":0},
{"roomNumber":"105","capacity":10,"occupancy":10},
{"roomNumber":"106","capacity":10,"occupancy":0},
{"roomNumber":"109","capacity":10,"occupancy":10},
{"roomNumber":"110","capacity":100,"occupancy":70},
{"roomNumber":"111","capacity":100,"occupancy":50},
{"roomNumber":"112","capacity":100,"occupancy":40},
{"roomNumber":"113","capacity":100,"occupancy":0},
{"roomNumber":"114","capacity":120,"occupancy":35}]}